Id,Name,Gender,Age,Birthdate,Address
54e39200-3a17-4ef2-9317-c3a548b5121b,윤지현,Female,77,1963-05-10,인천 남구 31로 16
66b618ad-834c-44ea-80de-57dd15af8af7,박민서,Male,61,1977-04-28,대구 남구 88로 74
9571079c-9ae8-478f-8fdc-594dbfdec71c,김도윤,Female,49,1994-10-19,부산 남구 19로 19
62d557cb-92b3-460c-89b6-60798a13001c,조예은,Female,24,1973-07-27,대구 남구 12길 47
b0a4e2b4-ca5a-42c2-b11c-75921c5056d9,박채원,Female,63,1973-02-23,서울 중구 51길 51
d58ab059-66cf-4c75-9384-aacec3561ba7,박도윤,Male,25,1978-07-04,광주 중구 41길 56
f5ff9ada-cb7e-42c3-89c4-d66f70b54f63,이예은,Female,94,1960-03-29,대구 서구 58길 74
2a2d6482-3b4f-4fbe-8759-fb3a8926ff44,박지현,Male,90,1974-09-02,부산 중구 27길 66
ef57e352-790c-40f3-a07b-84a05206790d,조서연,Male,22,1975-11-04,부산 서구 60길 33
6c16ece2-eebd-4429-ad48-70a10cfd48bc,이지현,Female,40,1972-02-11,인천 해운대구 32길 49